country_code,country_name,hdi_code,hdi_rank_2019,1990,1991,1992,1993,1994,1995,1996,1997,1998,1999,2000,2001,2002,2003,2004,2005,2006,2007,2008,2009,2010,2011,2012,2013,2014,2015,2016,2017,2018,2019
AFG,Afghanistan,Low,169,0.302,0.307,0.316,0.312,0.307,0.331,0.335,0.339,0.344,0.348,0.35,0.353,0.384,0.393,0.409,0.418,0.429,0.447,0.447,0.46,0.472,0.477,0.489,0.496,0.5,0.5,0.502,0.506,0.509,0.511
AGO,Angola,Medium,148,,,,,,,,,,0.391,0.4,0.41,0.426,0.435,0.446,0.46,0.473,0.489,0.501,0.515,0.517,0.533,0.544,0.555,0.565,0.572,0.578,0.582,0.582,0.581
ALB,Albania,High,69,0.65,0.631,0.615,0.618,0.624,0.637,0.646,0.645,0.655,0.665,0.671,0.678,0.684,0.691,0.696,0.706,0.713,0.722,0.728,0.733,0.745,0.764,0.775,0.782,0.787,0.788,0.788,0.79,0.792,0.795
AND,Andorra,Very High,36,,,,,,,,,,,0.813,0.815,0.82,0.827,0.833,0.827,0.837,0.837,0.84,0.839,0.837,0.836,0.858,0.856,0.863,0.862,0.866,0.863,0.867,0.868
ARE,United Arab Emirates,Very High,31,0.723,0.735,0.738,0.745,0.755,0.764,0.765,0.766,0.769,0.776,0.782,0.787,0.792,0.798,0.803,0.809,0.814,0.819,0.821,0.819,0.82,0.826,0.832,0.838,0.847,0.859,0.864,0.881,0.889,0.89
ARG,Argentina,Very High,46,0.718,0.725,0.73,0.735,0.739,0.741,0.748,0.757,0.763,0.774,0.781,0.786,0.781,0.786,0.787,0.788,0.812,0.817,0.821,0.821,0.829,0.835,0.834,0.835,0.836,0.84,0.839,0.843,0.842,0.845
ARM,Armenia,High,81,0.654,0.648,0.618,0.617,0.621,0.627,0.634,0.645,0.657,0.664,0.669,0.673,0.682,0.691,0.7,0.712,0.726,0.741,0.745,0.742,0.747,0.751,0.756,0.762,0.764,0.768,0.766,0.769,0.771,0.776
ATG,Antigua and Barbuda,High,78,,,,,,,,,,,,,,,,0.764,0.771,0.776,0.774,0.767,0.763,0.755,0.759,0.76,0.76,0.762,0.765,0.768,0.772,0.778
AUS,Australia,Very High,8,0.871,0.871,0.873,0.876,0.879,0.888,0.89,0.893,0.896,0.9,0.903,0.905,0.907,0.909,0.911,0.906,0.909,0.912,0.926,0.928,0.93,0.932,0.937,0.931,0.933,0.938,0.939,0.941,0.943,0.944
AUT,Austria,Very High,18,0.803,0.808,0.813,0.817,0.821,0.825,0.829,0.832,0.837,0.842,0.847,0.857,0.847,0.851,0.858,0.863,0.87,0.89,0.893,0.895,0.904,0.906,0.908,0.905,0.913,0.915,0.917,0.919,0.921,0.922
AZE,Azerbaijan,High,88,,,,,,0.604,0.605,0.61,0.619,0.629,0.635,0.643,0.651,0.659,0.667,0.674,0.701,0.706,0.716,0.727,0.726,0.727,0.73,0.735,0.74,0.744,0.751,0.754,0.754,0.756
BDI,Burundi,Low,185,0.299,0.302,0.299,0.299,0.296,0.292,0.289,0.29,0.294,0.295,0.3,0.301,0.311,0.319,0.33,0.337,0.359,0.371,0.384,0.401,0.411,0.419,0.426,0.432,0.438,0.437,0.438,0.434,0.431,0.433
BEL,Belgium,Very High,14,0.813,0.817,0.832,0.845,0.852,0.859,0.864,0.869,0.873,0.875,0.88,0.883,0.886,0.889,0.893,0.897,0.904,0.907,0.906,0.907,0.91,0.911,0.913,0.916,0.918,0.922,0.924,0.929,0.93,0.931
BEN,Benin,Low,158,0.364,0.371,0.375,0.382,0.386,0.391,0.394,0.399,0.403,0.409,0.416,0.428,0.438,0.445,0.453,0.459,0.467,0.475,0.482,0.488,0.494,0.5,0.51,0.522,0.527,0.532,0.533,0.536,0.541,0.545
BFA,Burkina Faso,Low,182,,,,,,,,,,,0.293,0.298,0.303,0.31,0.32,0.332,0.341,0.352,0.364,0.373,0.384,0.394,0.403,0.41,0.413,0.422,0.428,0.439,0.443,0.452
BGD,Bangladesh,Medium,133,0.394,0.401,0.41,0.418,0.426,0.434,0.443,0.452,0.461,0.469,0.478,0.486,0.492,0.499,0.506,0.514,0.521,0.528,0.531,0.543,0.557,0.566,0.575,0.579,0.579,0.595,0.606,0.616,0.625,0.632
BGR,Bulgaria,Very High,56,0.708,0.705,0.705,0.704,0.705,0.71,0.718,0.713,0.718,0.716,0.72,0.73,0.736,0.745,0.752,0.758,0.765,0.773,0.78,0.782,0.788,0.791,0.795,0.801,0.806,0.809,0.811,0.811,0.813,0.816
BHR,Bahrain,Very High,42,0.749,0.755,0.76,0.769,0.772,0.778,0.782,0.783,0.787,0.789,0.795,0.796,0.795,0.797,0.796,0.795,0.797,0.799,0.8,0.798,0.8,0.801,0.808,0.815,0.82,0.848,0.853,0.854,0.852,0.852
BHS,Bahamas,Very High,58,,,,,,,,,,,0.797,0.798,0.8,0.799,0.8,0.801,0.804,0.804,0.804,0.803,0.805,0.805,0.807,0.806,0.805,0.808,0.81,0.812,0.812,0.814
BIH,Bosnia and Herzegovina,High,73,,,,,,,,,,,0.679,0.684,0.689,0.695,0.701,0.706,0.712,0.719,0.726,0.727,0.721,0.729,0.748,0.755,0.758,0.761,0.772,0.774,0.777,0.78
BLR,Belarus,Very High,53,,,,,,0.66,0.664,0.67,0.674,0.679,0.686,0.692,0.699,0.707,0.717,0.727,0.744,0.76,0.777,0.787,0.795,0.801,0.806,0.811,0.814,0.814,0.815,0.819,0.823,0.823
BLZ,Belize,High,110,0.61,0.614,0.621,0.624,0.623,0.624,0.624,0.626,0.628,0.633,0.64,0.644,0.651,0.659,0.665,0.662,0.672,0.674,0.679,0.684,0.695,0.694,0.701,0.702,0.705,0.71,0.717,0.714,0.714,0.716
BOL,Bolivia (Plurinational State of),High,107,0.551,0.559,0.566,0.573,0.581,0.589,0.595,0.598,0.61,0.619,0.627,0.63,0.637,0.64,0.641,0.643,0.649,0.649,0.658,0.663,0.667,0.671,0.675,0.684,0.69,0.697,0.702,0.71,0.714,0.718
BRA,Brazil,High,84,0.613,0.621,0.627,0.635,0.642,0.651,0.658,0.665,0.67,0.676,0.685,0.691,0.699,0.695,0.698,0.7,0.702,0.706,0.717,0.719,0.727,0.731,0.735,0.753,0.756,0.756,0.758,0.761,0.762,0.765
BRB,Barbados,Very High,58,0.732,0.733,0.733,0.737,0.742,0.747,0.751,0.757,0.753,0.76,0.771,0.77,0.774,0.778,0.782,0.787,0.791,0.796,0.8,0.8,0.797,0.799,0.808,0.807,0.808,0.809,0.811,0.81,0.81,0.814
BRN,Brunei Darussalam,Very High,47,0.767,0.771,0.777,0.781,0.786,0.79,0.793,0.794,0.794,0.8,0.802,0.803,0.807,0.813,0.818,0.822,0.825,0.825,0.825,0.827,0.827,0.831,0.839,0.839,0.838,0.838,0.839,0.838,0.836,0.838
BTN,Bhutan,Medium,129,,,,,,,,,,,,,,,,0.52,0.526,0.542,0.551,0.561,0.574,0.585,0.597,0.61,0.618,0.628,0.637,0.646,0.649,0.654
BWA,Botswana,High,100,0.573,0.579,0.577,0.576,0.57,0.576,0.575,0.577,0.58,0.582,0.581,0.582,0.579,0.586,0.592,0.601,0.615,0.628,0.641,0.65,0.663,0.677,0.689,0.701,0.711,0.717,0.72,0.726,0.73,0.735
CAF,Central African Republic,Low,188,0.334,0.328,0.315,0.315,0.317,0.319,0.315,0.318,0.32,0.323,0.325,0.327,0.328,0.328,0.331,0.336,0.342,0.347,0.352,0.356,0.365,0.374,0.381,0.363,0.368,0.375,0.382,0.391,0.395,0.397
CAN,Canada,Very High,16,0.85,0.854,0.857,0.855,0.859,0.862,0.864,0.863,0.861,0.864,0.867,0.871,0.877,0.882,0.888,0.894,0.898,0.896,0.898,0.898,0.901,0.903,0.906,0.913,0.918,0.921,0.923,0.926,0.928,0.929
CHE,Switzerland,Very High,2,0.84,0.842,0.845,0.849,0.852,0.856,0.863,0.872,0.882,0.889,0.898,0.9,0.899,0.905,0.909,0.914,0.92,0.923,0.925,0.935,0.941,0.941,0.944,0.946,0.942,0.947,0.947,0.949,0.955,0.955
CHL,Chile,Very High,43,0.706,0.715,0.722,0.715,0.72,0.728,0.735,0.742,0.743,0.75,0.756,0.767,0.769,0.776,0.785,0.791,0.791,0.804,0.814,0.822,0.803,0.815,0.821,0.826,0.837,0.842,0.845,0.847,0.849,0.851
CHN,China,High,85,0.499,0.507,0.517,0.527,0.534,0.545,0.554,0.563,0.571,0.579,0.588,0.596,0.606,0.618,0.628,0.64,0.653,0.667,0.678,0.687,0.699,0.707,0.716,0.724,0.731,0.739,0.746,0.75,0.755,0.761
CIV,Côte d'Ivoire,Low,162,0.404,0.404,0.405,0.406,0.407,0.409,0.412,0.415,0.414,0.419,0.421,0.424,0.426,0.429,0.433,0.438,0.443,0.449,0.455,0.462,0.468,0.472,0.482,0.49,0.492,0.503,0.513,0.525,0.534,0.538
CMR,Cameroon,Medium,153,0.448,0.445,0.441,0.435,0.433,0.432,0.431,0.432,0.434,0.436,0.44,0.456,0.458,0.464,0.469,0.47,0.471,0.482,0.49,0.498,0.505,0.514,0.525,0.534,0.54,0.549,0.553,0.557,0.56,0.563
COD,Congo (Democratic Republic of the),Low,175,0.369,0.366,0.361,0.355,0.349,0.347,0.351,0.349,0.349,0.347,0.349,0.35,0.358,0.366,0.374,0.381,0.389,0.4,0.412,0.419,0.435,0.438,0.442,0.448,0.46,0.464,0.471,0.475,0.478,0.48
COG,Congo,Medium,149,0.5,0.499,0.499,0.493,0.489,0.471,0.47,0.474,0.48,0.467,0.461,0.468,0.471,0.471,0.473,0.469,0.47,0.486,0.501,0.514,0.52,0.522,0.535,0.545,0.56,0.58,0.578,0.574,0.573,0.574
COL,Colombia,High,83,0.603,0.606,0.617,0.624,0.631,0.637,0.647,0.655,0.662,0.662,0.666,0.668,0.671,0.67,0.684,0.689,0.698,0.711,0.718,0.72,0.729,0.734,0.739,0.742,0.753,0.756,0.76,0.763,0.764,0.767
COM,Comoros,Medium,156,,,,,,,,,,,0.465,0.47,0.475,0.481,0.483,0.489,0.495,0.501,0.508,0.514,0.521,0.533,0.538,0.542,0.543,0.545,0.547,0.55,0.552,0.554
CPV,Cabo Verde,Medium,126,,,,,,,,,,,0.569,0.573,0.583,0.588,0.59,0.596,0.611,0.617,0.625,0.63,0.632,0.639,0.644,0.647,0.654,0.656,0.657,0.66,0.663,0.665
CRI,Costa Rica,Very High,62,0.665,0.672,0.68,0.687,0.692,0.697,0.701,0.707,0.713,0.717,0.721,0.725,0.728,0.731,0.735,0.738,0.745,0.753,0.761,0.762,0.765,0.778,0.783,0.788,0.796,0.797,0.801,0.804,0.808,0.81
CUB,Cuba,High,70,0.68,0.674,0.667,0.66,0.656,0.659,0.669,0.673,0.677,0.684,0.691,0.696,0.698,0.708,0.722,0.734,0.756,0.772,0.783,0.785,0.781,0.78,0.769,0.766,0.767,0.772,0.773,0.777,0.781,0.783
CYP,Cyprus,Very High,33,0.735,0.738,0.742,0.779,0.784,0.788,0.791,0.794,0.803,0.802,0.804,0.81,0.819,0.828,0.831,0.836,0.842,0.849,0.858,0.862,0.856,0.86,0.859,0.86,0.862,0.865,0.873,0.878,0.885,0.887
CZE,Czechia,Very High,27,0.738,0.733,0.736,0.743,0.752,0.761,0.776,0.782,0.783,0.793,0.804,0.814,0.821,0.83,0.834,0.843,0.852,0.858,0.863,0.866,0.87,0.874,0.874,0.882,0.888,0.891,0.893,0.896,0.898,0.9
DEU,Germany,Very High,6,0.808,0.816,0.821,0.831,0.837,0.842,0.846,0.851,0.86,0.868,0.876,0.884,0.89,0.896,0.907,0.908,0.918,0.921,0.924,0.924,0.927,0.933,0.934,0.935,0.937,0.938,0.941,0.943,0.946,0.947
DJI,Djibouti,Low,166,,,,,,0.351,0.349,0.354,0.355,0.359,0.36,0.369,0.375,0.385,0.393,0.402,0.413,0.423,0.432,0.442,0.454,0.463,0.474,0.484,0.492,0.499,0.505,0.51,0.518,0.524
DMA,Dominica,High,94,,,,,,,,,,,0.703,0.707,0.707,0.712,0.714,0.715,0.721,0.725,0.73,0.731,0.74,0.741,0.739,0.739,0.741,0.739,0.74,0.736,0.738,0.742
DNK,Denmark,Very High,10,0.806,0.811,0.815,0.822,0.831,0.837,0.844,0.85,0.856,0.868,0.87,0.883,0.89,0.901,0.905,0.91,0.912,0.911,0.917,0.914,0.917,0.93,0.931,0.933,0.935,0.933,0.935,0.936,0.939,0.94
DOM,Dominican Republic,High,88,0.599,0.603,0.612,0.619,0.624,0.63,0.636,0.643,0.648,0.654,0.659,0.663,0.668,0.669,0.672,0.681,0.688,0.694,0.698,0.7,0.706,0.71,0.714,0.718,0.73,0.738,0.743,0.746,0.751,0.756
DZA,Algeria,High,91,0.572,0.576,0.582,0.586,0.59,0.595,0.602,0.611,0.621,0.629,0.637,0.647,0.657,0.667,0.677,0.685,0.69,0.7,0.702,0.711,0.721,0.728,0.728,0.729,0.736,0.74,0.743,0.745,0.746,0.748
ECU,Ecuador,High,86,0.648,0.65,0.654,0.658,0.663,0.666,0.668,0.672,0.675,0.673,0.675,0.68,0.684,0.687,0.693,0.698,0.701,0.71,0.717,0.719,0.726,0.732,0.751,0.754,0.756,0.764,0.758,0.76,0.762,0.759
EGY,Egypt,High,116,0.548,0.552,0.559,0.564,0.571,0.578,0.585,0.592,0.594,0.607,0.613,0.618,0.622,0.625,0.631,0.637,0.645,0.653,0.66,0.662,0.668,0.671,0.677,0.683,0.685,0.691,0.696,0.698,0.701,0.707
ERI,Eritrea,Low,180,,,,,,,,,,,,,,,,0.427,0.428,0.43,0.426,0.436,0.436,0.436,0.441,0.446,0.457,0.454,0.456,0.454,0.456,0.459
ESP,Spain,Very High,25,0.761,0.77,0.779,0.789,0.798,0.807,0.813,0.817,0.821,0.826,0.832,0.835,0.837,0.84,0.844,0.851,0.856,0.86,0.863,0.865,0.872,0.878,0.881,0.882,0.888,0.895,0.899,0.903,0.905,0.904
EST,Estonia,Very High,29,0.735,0.73,0.722,0.715,0.72,0.729,0.74,0.754,0.766,0.773,0.787,0.797,0.805,0.813,0.821,0.832,0.839,0.846,0.848,0.846,0.852,0.86,0.865,0.869,0.871,0.877,0.881,0.885,0.889,0.892
ETH,Ethiopia,Low,173,,,,,,,,,,,0.292,0.306,0.315,0.319,0.334,0.355,0.371,0.386,0.403,0.411,0.421,0.432,0.438,0.447,0.455,0.462,0.467,0.474,0.478,0.485
FIN,Finland,Very High,11,0.79,0.793,0.801,0.805,0.815,0.823,0.83,0.838,0.846,0.854,0.864,0.871,0.874,0.877,0.904,0.908,0.912,0.915,0.917,0.912,0.916,0.92,0.921,0.928,0.928,0.93,0.932,0.935,0.937,0.938
FJI,Fiji,High,93,0.662,0.669,0.672,0.675,0.68,0.686,0.688,0.687,0.687,0.692,0.695,0.698,0.7,0.702,0.709,0.705,0.708,0.711,0.712,0.715,0.715,0.719,0.722,0.728,0.733,0.737,0.738,0.74,0.742,0.743
FRA,France,Very High,26,0.786,0.796,0.804,0.81,0.825,0.832,0.837,0.841,0.845,0.851,0.849,0.851,0.852,0.855,0.858,0.867,0.871,0.874,0.875,0.876,0.879,0.882,0.885,0.889,0.893,0.895,0.894,0.897,0.898,0.901
FSM,Micronesia (Federated States of),Medium,136,,,,,,,,,,,0.546,0.553,0.559,0.565,0.57,0.577,0.583,0.589,0.593,0.596,0.601,0.604,0.605,0.605,0.604,0.612,0.614,0.616,0.618,0.62
GAB,Gabon,High,119,0.613,0.618,0.617,0.619,0.622,0.624,0.626,0.628,0.63,0.625,0.621,0.624,0.626,0.627,0.626,0.632,0.632,0.637,0.639,0.646,0.652,0.657,0.666,0.673,0.682,0.685,0.69,0.694,0.697,0.703
GBR,United Kingdom,Very High,13,0.781,0.794,0.807,0.82,0.833,0.846,0.851,0.856,0.862,0.868,0.874,0.878,0.881,0.885,0.892,0.897,0.896,0.899,0.903,0.906,0.912,0.906,0.904,0.921,0.925,0.923,0.924,0.926,0.928,0.932
GEO,Georgia,Very High,61,,,,,,,,,,,0.69,0.694,0.699,0.708,0.715,0.725,0.731,0.743,0.742,0.746,0.751,0.757,0.767,0.775,0.783,0.79,0.792,0.799,0.805,0.812
GHA,Ghana,Medium,138,0.465,0.47,0.474,0.478,0.48,0.483,0.484,0.486,0.487,0.489,0.494,0.493,0.499,0.5,0.509,0.52,0.529,0.541,0.553,0.558,0.565,0.574,0.577,0.586,0.59,0.59,0.598,0.602,0.606,0.611
GIN,Guinea,Low,178,0.282,0.287,0.291,0.296,0.301,0.306,0.31,0.318,0.326,0.333,0.34,0.347,0.356,0.347,0.372,0.383,0.392,0.4,0.408,0.408,0.416,0.429,0.439,0.445,0.452,0.457,0.465,0.471,0.473,0.477
GMB,Gambia,Low,172,0.349,0.354,0.358,0.362,0.366,0.37,0.377,0.382,0.388,0.396,0.403,0.411,0.415,0.422,0.431,0.435,0.44,0.446,0.453,0.456,0.459,0.455,0.461,0.467,0.468,0.471,0.475,0.48,0.487,0.496
GNB,Guinea-Bissau,Low,175,,,,,,,,,,,,,,,,0.403,0.411,0.417,0.424,0.43,0.436,0.445,0.448,0.452,0.459,0.464,0.468,0.47,0.472,0.48
GNQ,Equatorial Guinea,Medium,145,,,,,,,,,,,0.525,0.534,0.546,0.547,0.554,0.565,0.576,0.582,0.583,0.585,0.576,0.58,0.584,0.585,0.586,0.589,0.588,0.584,0.582,0.592
GRC,Greece,Very High,32,0.761,0.77,0.771,0.77,0.774,0.776,0.78,0.785,0.795,0.797,0.804,0.814,0.826,0.833,0.843,0.853,0.859,0.857,0.865,0.867,0.865,0.862,0.865,0.867,0.875,0.877,0.874,0.879,0.881,0.888
GRD,Grenada,High,74,,,,,,,,,,,,,0.721,0.729,0.731,0.744,0.745,0.75,0.753,0.75,0.754,0.756,0.757,0.76,0.766,0.77,0.771,0.77,0.773,0.779
GTM,Guatemala,Medium,127,0.481,0.487,0.493,0.499,0.504,0.511,0.518,0.526,0.534,0.542,0.549,0.557,0.563,0.567,0.571,0.574,0.583,0.592,0.597,0.601,0.606,0.612,0.618,0.621,0.648,0.652,0.653,0.655,0.657,0.663
GUY,Guyana,Medium,122,0.548,0.544,0.559,0.572,0.582,0.588,0.598,0.603,0.607,0.611,0.616,0.619,0.622,0.618,0.625,0.629,0.63,0.634,0.638,0.641,0.649,0.658,0.662,0.666,0.671,0.674,0.676,0.677,0.68,0.682
HKG,"Hong Kong, China (SAR)",Very High,4,0.784,0.789,0.794,0.802,0.807,0.811,0.814,0.819,0.82,0.824,0.83,0.838,0.845,0.854,0.865,0.874,0.886,0.89,0.899,0.901,0.904,0.907,0.914,0.918,0.926,0.93,0.936,0.941,0.946,0.949
HND,Honduras,Medium,132,0.519,0.518,0.523,0.53,0.534,0.54,0.545,0.551,0.556,0.56,0.566,0.57,0.575,0.58,0.586,0.593,0.599,0.607,0.603,0.605,0.61,0.613,0.612,0.613,0.616,0.618,0.626,0.63,0.633,0.634
HRV,Croatia,Very High,43,0.677,0.672,0.672,0.674,0.688,0.703,0.715,0.727,0.738,0.747,0.757,0.768,0.774,0.78,0.786,0.792,0.798,0.808,0.813,0.812,0.815,0.823,0.825,0.83,0.835,0.84,0.841,0.845,0.848,0.851
HTI,Haiti,Low,170,0.414,0.418,0.418,0.418,0.415,0.423,0.428,0.432,0.435,0.439,0.442,0.444,0.446,0.449,0.45,0.453,0.458,0.463,0.466,0.47,0.471,0.478,0.482,0.487,0.492,0.496,0.5,0.505,0.508,0.51
HUN,Hungary,Very High,40,0.708,0.706,0.711,0.724,0.737,0.746,0.75,0.751,0.758,0.765,0.772,0.781,0.788,0.797,0.799,0.805,0.815,0.818,0.822,0.828,0.831,0.828,0.831,0.839,0.838,0.842,0.844,0.846,0.85,0.854
IDN,Indonesia,High,107,0.523,0.529,0.534,0.541,0.55,0.56,0.573,0.587,0.586,0.594,0.603,0.609,0.615,0.622,0.628,0.632,0.642,0.643,0.647,0.658,0.665,0.673,0.681,0.687,0.69,0.695,0.703,0.707,0.712,0.718
IND,India,Medium,131,0.429,0.433,0.44,0.446,0.453,0.461,0.468,0.474,0.481,0.489,0.495,0.499,0.506,0.518,0.527,0.536,0.546,0.555,0.563,0.569,0.579,0.588,0.597,0.604,0.616,0.624,0.63,0.64,0.642,0.645
IRL,Ireland,Very High,2,0.773,0.777,0.782,0.791,0.798,0.805,0.811,0.819,0.851,0.859,0.867,0.873,0.881,0.889,0.898,0.904,0.906,0.909,0.911,0.906,0.901,0.902,0.908,0.917,0.928,0.935,0.943,0.947,0.951,0.955
IRN,Iran (Islamic Republic of),High,70,0.565,0.583,0.596,0.607,0.616,0.627,0.634,0.64,0.647,0.652,0.658,0.665,0.67,0.677,0.678,0.683,0.719,0.723,0.728,0.734,0.742,0.753,0.768,0.771,0.774,0.774,0.784,0.787,0.785,0.783
IRQ,Iraq,Medium,123,0.56,0.512,0.527,0.548,0.548,0.539,0.56,0.569,0.583,0.591,0.595,0.601,0.603,0.589,0.615,0.617,0.62,0.623,0.63,0.632,0.636,0.642,0.646,0.646,0.645,0.649,0.656,0.667,0.671,0.674
ISL,Iceland,Very High,4,0.807,0.82,0.823,0.824,0.829,0.831,0.836,0.846,0.855,0.86,0.867,0.872,0.881,0.887,0.891,0.896,0.899,0.905,0.899,0.898,0.898,0.907,0.915,0.927,0.931,0.934,0.941,0.943,0.946,0.949
ISR,Israel,Very High,19,0.801,0.808,0.815,0.821,0.827,0.832,0.836,0.844,0.852,0.859,0.861,0.865,0.873,0.874,0.876,0.88,0.88,0.889,0.889,0.89,0.895,0.901,0.903,0.905,0.909,0.91,0.913,0.913,0.916,0.919
ITA,Italy,Very High,29,0.776,0.782,0.788,0.793,0.802,0.808,0.814,0.821,0.827,0.832,0.838,0.845,0.85,0.855,0.86,0.865,0.87,0.874,0.876,0.876,0.879,0.883,0.882,0.881,0.882,0.882,0.884,0.886,0.89,0.892
JAM,Jamaica,High,101,0.645,0.648,0.655,0.67,0.671,0.674,0.677,0.679,0.678,0.68,0.678,0.689,0.692,0.687,0.704,0.706,0.711,0.719,0.737,0.733,0.732,0.731,0.731,0.729,0.729,0.731,0.731,0.734,0.734,0.734
JOR,Jordan,High,102,0.625,0.636,0.657,0.668,0.679,0.693,0.695,0.699,0.702,0.706,0.711,0.717,0.715,0.72,0.726,0.738,0.741,0.744,0.745,0.743,0.737,0.734,0.735,0.729,0.729,0.73,0.729,0.726,0.728,0.729
JPN,Japan,Very High,19,0.818,0.823,0.826,0.831,0.837,0.842,0.847,0.85,0.849,0.852,0.858,0.861,0.864,0.867,0.871,0.875,0.879,0.882,0.883,0.882,0.887,0.892,0.897,0.902,0.906,0.908,0.912,0.915,0.917,0.919
KAZ,Kazakhstan,Very High,51,0.69,0.684,0.682,0.675,0.667,0.664,0.666,0.669,0.672,0.676,0.685,0.7,0.714,0.726,0.737,0.747,0.754,0.758,0.758,0.762,0.764,0.772,0.782,0.791,0.798,0.806,0.808,0.815,0.819,0.825
KEN,Kenya,Medium,143,0.482,0.48,0.476,0.472,0.469,0.468,0.467,0.464,0.463,0.462,0.461,0.465,0.465,0.478,0.49,0.5,0.515,0.523,0.532,0.541,0.551,0.559,0.566,0.573,0.58,0.587,0.591,0.595,0.599,0.601
KGZ,Kyrgyzstan,Medium,120,0.64,0.634,0.625,0.612,0.595,0.589,0.594,0.601,0.606,0.613,0.62,0.628,0.63,0.637,0.64,0.642,0.647,0.654,0.656,0.661,0.662,0.664,0.674,0.68,0.686,0.69,0.691,0.694,0.696,0.697
KHM,Cambodia,Medium,144,0.368,0.372,0.377,0.381,0.385,0.391,0.396,0.401,0.406,0.411,0.424,0.438,0.457,0.47,0.482,0.494,0.506,0.52,0.525,0.528,0.539,0.546,0.552,0.559,0.565,0.57,0.576,0.582,0.585,0.594
KIR,Kiribati,Medium,134,,,,,,,,,,,0.553,0.569,0.569,0.574,0.572,0.589,0.586,0.587,0.59,0.588,0.593,0.591,0.6,0.608,0.617,0.625,0.622,0.627,0.628,0.63
KNA,Saint Kitts and Nevis,High,74,,,,,,,,,,,,,,,,0.711,0.718,0.724,0.739,0.74,0.746,0.749,0.745,0.764,0.768,0.768,0.771,0.77,0.773,0.779
KOR,Korea (Republic of),Very High,23,0.732,0.743,0.75,0.76,0.772,0.783,0.793,0.805,0.802,0.813,0.823,0.829,0.837,0.844,0.853,0.86,0.868,0.875,0.88,0.877,0.889,0.895,0.898,0.901,0.904,0.907,0.91,0.912,0.914,0.916
KWT,Kuwait,Very High,64,0.705,0.665,0.659,0.688,0.718,0.748,0.772,0.775,0.78,0.781,0.781,0.778,0.78,0.788,0.789,0.783,0.788,0.788,0.79,0.789,0.788,0.792,0.796,0.793,0.796,0.801,0.804,0.805,0.807,0.806
LAO,Lao People's Democratic Republic,Medium,137,0.405,0.41,0.415,0.421,0.43,0.432,0.445,0.453,0.46,0.467,0.471,0.477,0.486,0.494,0.503,0.512,0.514,0.527,0.535,0.545,0.552,0.565,0.575,0.582,0.589,0.598,0.605,0.608,0.609,0.613
LBN,Lebanon,High,92,,,,,,,,,,,,,,,,0.74,0.739,0.751,0.757,0.764,0.766,0.768,0.759,0.757,0.748,0.744,0.741,0.748,0.747,0.744
LBR,Liberia,Low,175,,,,,,,,,,0.399,0.435,0.435,0.437,0.417,0.427,0.432,0.438,0.445,0.45,0.452,0.455,0.472,0.469,0.477,0.478,0.477,0.478,0.481,0.48,0.48
LBY,Libya,High,105,0.724,0.734,0.74,0.744,0.75,0.754,0.76,0.767,0.77,0.775,0.78,0.785,0.79,0.797,0.798,0.8,0.8,0.8,0.8,0.799,0.798,0.764,0.789,0.761,0.728,0.697,0.687,0.714,0.721,0.724
LCA,Saint Lucia,High,86,,,,,,,,,,,0.695,0.691,0.693,0.695,0.695,0.698,0.712,0.714,0.725,0.728,0.73,0.736,0.73,0.732,0.735,0.747,0.752,0.759,0.758,0.759
LIE,Liechtenstein,Very High,19,,,,,,,,,,,0.862,0.868,0.873,0.878,0.883,0.886,0.89,0.893,0.899,0.899,0.904,0.909,0.908,0.912,0.911,0.911,0.915,0.916,0.919,0.919
LKA,Sri Lanka,High,72,0.629,0.634,0.639,0.641,0.65,0.654,0.659,0.666,0.673,0.681,0.691,0.697,0.703,0.712,0.719,0.725,0.732,0.738,0.746,0.749,0.754,0.76,0.766,0.769,0.773,0.776,0.773,0.775,0.779,0.782
LSO,Lesotho,Low,165,0.498,0.495,0.493,0.487,0.486,0.483,0.477,0.472,0.47,0.461,0.459,0.451,0.446,0.444,0.44,0.436,0.436,0.441,0.446,0.455,0.46,0.469,0.48,0.489,0.498,0.503,0.512,0.517,0.522,0.527
LTU,Lithuania,Very High,34,0.738,0.734,0.719,0.708,0.704,0.71,0.719,0.731,0.743,0.751,0.762,0.774,0.785,0.797,0.805,0.817,0.826,0.833,0.838,0.828,0.831,0.838,0.841,0.847,0.859,0.862,0.867,0.873,0.876,0.882
LUX,Luxembourg,Very High,23,0.797,0.804,0.809,0.813,0.818,0.821,0.83,0.836,0.844,0.856,0.86,0.865,0.869,0.873,0.876,0.88,0.884,0.888,0.89,0.893,0.898,0.899,0.9,0.9,0.903,0.906,0.91,0.913,0.913,0.916
LVA,Latvia,Very High,37,0.711,0.706,0.685,0.674,0.675,0.68,0.687,0.698,0.711,0.723,0.735,0.753,0.767,0.781,0.795,0.809,0.816,0.825,0.828,0.826,0.824,0.829,0.832,0.839,0.845,0.849,0.854,0.859,0.863,0.866
MAR,Morocco,Medium,121,0.457,0.463,0.467,0.473,0.484,0.487,0.498,0.502,0.509,0.519,0.529,0.541,0.551,0.562,0.572,0.58,0.586,0.594,0.602,0.608,0.616,0.626,0.635,0.644,0.652,0.658,0.667,0.673,0.68,0.686
MCO,Monaco,,,,,,,,,,,,,,,,,,,,,,,,,,,,,,,,
MDA,Moldova (Republic of),High,,90,0.69,0.68,0.661,0.66,0.64,0.638,0.634,0.637,0.637,0.64,0.643,0.651,0.663,0.673,0.684,0.692,0.699,0.704,0.71,0.706,0.713,0.719,0.726,0.735,0.737,0.736,0.738,0.743,0.746
MDG,Madagascar,Low,,164,,,,,,,,,,,0.462,0.468,0.464,0.473,0.48,0.486,0.49,0.498,0.506,0.51,0.511,0.512,0.514,0.517,0.52,0.522,0.523,0.526,0.527
MDV,Maldives,High,,95,,,,,,0.555,0.569,0.584,0.597,0.611,0.622,0.626,0.63,0.644,0.649,0.645,0.659,0.664,0.673,0.674,0.685,0.697,0.704,0.709,0.718,0.724,0.728,0.731,0.734
MEX,Mexico,High,,74,0.656,0.66,0.664,0.668,0.675,0.677,0.683,0.689,0.695,0.699,0.708,0.712,0.718,0.722,0.731,0.737,0.745,0.746,0.748,0.748,0.748,0.755,0.759,0.756,0.761,0.766,0.768,0.771,0.776
MHL,Marshall Islands,High,,117,,,,,,,,,,,,,,,,,,,,,,,,,,,,0.699,0.702
MKD,North Macedonia,High,,82,,,,,,,,,,,0.677,0.681,0.688,0.694,0.702,0.71,0.716,0.721,0.737,0.739,0.743,0.747,0.748,0.751,0.755,0.761,0.765,0.767,0.77
MLI,Mali,Low,,184,0.234,0.241,0.246,0.253,0.26,0.265,0.274,0.285,0.294,0.306,0.312,0.325,0.334,0.347,0.356,0.367,0.376,0.371,0.394,0.401,0.408,0.413,0.413,0.413,0.419,0.417,0.422,0.427,0.431
MLT,Malta,Very High,,28,0.752,0.757,0.762,0.766,0.768,0.772,0.776,0.781,0.789,0.793,0.795,0.801,0.804,0.81,0.819,0.834,0.832,0.837,0.839,0.84,0.853,0.853,0.86,0.867,0.874,0.88,0.885,0.888,0.894
MMR,Myanmar,Medium,,147,0.342,0.349,0.363,0.369,0.376,0.38,0.387,0.392,0.396,0.404,0.414,0.423,0.432,0.442,0.452,0.461,0.471,0.482,0.493,0.504,0.515,0.526,0.533,0.543,0.55,0.557,0.563,0.572,0.579
MNE,Montenegro,Very High,,48,,,,,,,,,,,,,,,,,0.773,0.784,0.794,0.797,0.802,0.806,0.807,0.811,0.813,0.816,0.818,0.822,0.826
MNG,Mongolia,High,,99,0.578,0.573,0.56,0.546,0.549,0.554,0.56,0.567,0.575,0.581,0.588,0.599,0.608,0.621,0.636,0.649,0.659,0.671,0.682,0.687,0.696,0.71,0.718,0.727,0.732,0.735,0.729,0.728,0.735
MOZ,Mozambique,Low,,181,0.227,0.231,0.227,0.234,0.241,0.248,0.263,0.275,0.287,0.301,0.307,0.32,0.327,0.34,0.349,0.36,0.366,0.378,0.387,0.394,0.401,0.397,0.403,0.417,0.425,0.433,0.441,0.446,0.452
MRT,Mauritania,Low,,157,0.397,0.402,0.41,0.423,0.435,0.442,0.451,0.45,0.459,0.464,0.464,0.463,0.467,0.472,0.482,0.486,0.496,0.495,0.494,0.502,0.505,0.509,0.517,0.525,0.531,0.536,0.542,0.54,0.542
MUS,Mauritius,Very High,,66,0.624,0.63,0.637,0.643,0.647,0.653,0.656,0.661,0.667,0.672,0.678,0.687,0.692,0.701,0.708,0.717,0.724,0.731,0.738,0.745,0.751,0.76,0.771,0.779,0.789,0.789,0.794,0.797,0.801
MWI,Malawi,Low,,174,0.333,0.34,0.348,0.356,0.356,0.389,0.376,0.395,0.395,0.395,0.388,0.388,0.357,0.361,0.363,0.367,0.377,0.388,0.405,0.42,0.431,0.44,0.446,0.456,0.465,0.468,0.472,0.473,0.478
MYS,Malaysia,Very High,,62,0.643,0.651,0.66,0.667,0.675,0.682,0.694,0.704,0.708,0.713,0.723,0.721,0.723,0.73,0.733,0.73,0.737,0.75,0.761,0.765,0.772,0.778,0.781,0.785,0.791,0.796,0.8,0.805,0.805
NAM,Namibia,Medium,,130,0.581,0.583,0.587,0.587,0.587,0.582,0.573,0.564,0.557,0.547,0.544,0.543,0.541,0.543,0.545,0.545,0.551,0.559,0.567,0.576,0.589,0.602,0.613,0.624,0.631,0.638,0.639,0.644,0.645
NER,Niger,Low,,189,0.22,0.223,0.226,0.231,0.235,0.24,0.244,0.248,0.255,0.259,0.262,0.268,0.273,0.276,0.285,0.294,0.3,0.306,0.314,0.321,0.331,0.338,0.35,0.357,0.365,0.372,0.378,0.386,0.391
NGA,Nigeria,Low,,161,,,,,,,,,,,,,,0.45,0.46,0.465,0.473,0.478,0.484,0.49,0.482,0.492,0.5,0.519,0.523,0.526,0.526,0.531,0.534
NIC,Nicaragua,Medium,,128,0.497,0.506,0.513,0.516,0.521,0.531,0.541,0.55,0.559,0.568,0.577,0.583,0.589,0.592,0.597,0.601,0.605,0.611,0.616,0.617,0.622,0.628,0.633,0.639,0.649,0.652,0.657,0.661,0.659
NLD,Netherlands,Very High,,8,0.836,0.84,0.841,0.846,0.871,0.868,0.872,0.872,0.874,0.877,0.882,0.886,0.885,0.89,0.892,0.897,0.903,0.91,0.913,0.912,0.917,0.928,0.928,0.93,0.932,0.934,0.936,0.939,0.942
NOR,Norway,Very High,,1,0.849,0.854,0.861,0.869,0.883,0.881,0.887,0.893,0.904,0.909,0.915,0.914,0.917,0.923,0.932,0.931,0.934,0.936,0.937,0.937,0.94,0.942,0.941,0.944,0.944,0.947,0.95,0.954,0.956
NPL,Nepal,Medium,,142,0.387,0.395,0.402,0.407,0.414,0.419,0.428,0.435,0.44,0.447,0.453,0.454,0.464,0.47,0.476,0.482,0.493,0.498,0.509,0.522,0.537,0.545,0.559,0.568,0.576,0.583,0.586,0.588,0.596
NRU,Nauru,,,,,,,,,,,,,,,,,,,,,,,,,,,,,,,,
NZL,New Zealand,Very High,,14,0.826,0.827,0.832,0.844,0.853,0.859,0.862,0.868,0.87,0.872,0.876,0.88,0.888,0.891,0.894,0.896,0.898,0.901,0.902,0.905,0.906,0.909,0.911,0.914,0.916,0.921,0.924,0.926,0.928
OMN,Oman,Very High,,60,,,,,,,,,,,0.693,0.705,0.714,0.724,0.731,0.736,0.74,0.752,0.77,0.777,0.782,0.782,0.791,0.799,0.802,0.814,0.815,0.819,0.813
PAK,Pakistan,Medium,,154,0.402,0.407,0.413,0.417,0.421,0.426,0.431,0.434,0.438,0.443,0.447,0.454,0.462,0.471,0.473,0.486,0.492,0.496,0.503,0.508,0.512,0.516,0.519,0.523,0.53,0.536,0.542,0.55,0.552
PAN,Panama,Very High,,57,0.675,0.68,0.688,0.696,0.699,0.704,0.71,0.716,0.724,0.729,0.735,0.738,0.744,0.746,0.751,0.754,0.759,0.767,0.771,0.772,0.774,0.78,0.786,0.791,0.795,0.799,0.805,0.811,0.812
PER,Peru,High,,79,0.613,0.62,0.62,0.625,0.636,0.646,0.651,0.657,0.667,0.677,0.679,0.687,0.688,0.687,0.694,0.699,0.697,0.704,0.715,0.718,0.721,0.734,0.742,0.75,0.76,0.759,0.765,0.767,0.771
PHL,Philippines,High,,107,0.593,0.595,0.598,0.601,0.605,0.609,0.617,0.621,0.626,0.63,0.632,0.633,0.638,0.642,0.652,0.654,0.656,0.662,0.666,0.665,0.671,0.676,0.684,0.691,0.696,0.701,0.704,0.708,0.711
PLW,Palau,Very High,,50,,,,,,,,,,,0.744,0.747,0.751,0.755,0.758,0.77,0.774,0.78,0.781,0.782,0.786,0.793,0.795,0.821,0.825,0.82,0.822,0.822,0.822
PNG,Papua New Guinea,Medium,,155,0.38,0.389,0.398,0.411,0.417,0.425,0.433,0.435,0.442,0.445,0.45,0.456,0.462,0.47,0.473,0.48,0.485,0.498,0.503,0.512,0.522,0.53,0.52,0.537,0.542,0.548,0.549,0.549,0.549
POL,Poland,Very High,,35,0.718,0.716,0.719,0.73,0.739,0.745,0.753,0.764,0.774,0.783,0.79,0.796,0.804,0.809,0.807,0.813,0.819,0.824,0.829,0.834,0.84,0.845,0.842,0.856,0.858,0.863,0.869,0.873,0.877
PRK,Korea (Democratic People's Rep. of),,,,,,,,,,,,,,,,,,,,,,,,,,,,,,,,
PRT,Portugal,Very High,,38,0.718,0.727,0.739,0.753,0.76,0.767,0.774,0.78,0.787,0.786,0.792,0.798,0.799,0.805,0.809,0.813,0.811,0.814,0.817,0.823,0.829,0.833,0.836,0.84,0.847,0.854,0.855,0.858,0.86
PRY,Paraguay,High,,103,0.598,0.604,0.608,0.615,0.62,0.625,0.632,0.637,0.641,0.644,0.643,0.652,0.662,0.66,0.667,0.67,0.67,0.675,0.684,0.681,0.696,0.701,0.701,0.712,0.715,0.721,0.722,0.726,0.727
PSE,"Palestine, State of",High,,115,,,,,,,,,,,,,,,0.651,0.659,0.659,0.669,0.674,0.679,0.684,0.692,0.698,0.695,0.697,0.701,0.704,0.706,0.708
QAT,Qatar,Very High,,45,0.75,0.747,0.751,0.762,0.773,0.782,0.794,0.806,0.81,0.814,0.816,0.817,0.822,0.83,0.832,0.838,0.835,0.838,0.843,0.841,0.834,0.84,0.854,0.842,0.835,0.839,0.845,0.848,0.845
ROU,Romania,Very High,,49,0.708,0.694,0.686,0.686,0.688,0.694,0.702,0.703,0.705,0.711,0.716,0.722,0.731,0.739,0.753,0.762,0.774,0.788,0.803,0.806,0.805,0.806,0.803,0.808,0.811,0.815,0.82,0.821,0.823
RUS,Russian Federation,Very High,,52,0.735,0.731,0.72,0.712,0.703,0.702,0.703,0.705,0.705,0.711,0.722,0.728,0.734,0.742,0.748,0.753,0.76,0.769,0.775,0.773,0.781,0.79,0.798,0.802,0.807,0.809,0.815,0.82,0.823
RWA,Rwanda,Low,,160,0.248,0.22,0.202,0.197,0.192,0.231,0.263,0.291,0.307,0.326,0.341,0.35,0.366,0.379,0.396,0.413,0.434,0.45,0.461,0.477,0.492,0.5,0.508,0.515,0.521,0.526,0.527,0.535,0.54
SAU,Saudi Arabia,Very High,,40,0.697,0.705,0.71,0.714,0.718,0.722,0.726,0.731,0.736,0.738,0.743,0.746,0.748,0.755,0.764,0.77,0.777,0.783,0.792,0.796,0.809,0.823,0.835,0.845,0.852,0.859,0.859,0.852,0.854
SDN,Sudan,Low,,170,0.331,0.336,0.344,0.352,0.358,0.366,0.374,0.384,0.39,0.396,0.403,0.409,0.415,0.422,0.43,0.437,0.443,0.45,0.461,0.468,0.469,0.474,0.486,0.494,0.499,0.504,0.507,0.509,0.506
SEN,Senegal,Low,,168,0.376,0.377,0.377,0.377,0.376,0.378,0.379,0.38,0.382,0.385,0.39,0.405,0.41,0.418,0.426,0.434,0.438,0.447,0.457,0.461,0.468,0.471,0.487,0.494,0.499,0.506,0.509,0.512,0.516
SGP,Singapore,Very High,,11,0.721,0.731,0.742,0.753,0.764,0.774,0.783,0.794,0.799,0.81,0.821,0.825,0.833,0.842,0.849,0.874,0.881,0.882,0.888,0.888,0.909,0.913,0.918,0.921,0.926,0.931,0.935,0.933,0.936
SLB,Solomon Islands,Medium,,151,,,,,,,,,,0.489,0.475,0.48,0.486,0.492,0.5,0.509,0.519,0.526,0.524,0.517,0.537,0.541,0.553,0.558,0.559,0.563,0.561,0.562,0.564
SLE,Sierra Leone,Low,,182,0.287,0.28,0.278,0.282,0.284,0.287,0.282,0.28,0.284,0.287,0.295,0.309,0.326,0.336,0.345,0.354,0.362,0.375,0.386,0.394,0.399,0.406,0.421,0.433,0.438,0.431,0.431,0.443,0.447
SLV,El Salvador,Medium,,124,0.536,0.54,0.552,0.562,0.571,0.58,0.588,0.597,0.606,0.608,0.615,0.62,0.627,0.633,0.639,0.646,0.653,0.652,0.655,0.656,0.668,0.664,0.669,0.67,0.668,0.668,0.671,0.671,0.67
SMR,San Marino,,,,,,,,,,,,,,,,,,,,,,,,,,,,,,,,
SOM,Somalia,,,,,,,,,,,,,,,,,,,,,,,,,,,,,,,,
SRB,Serbia,Very High,,64,0.722,0.719,0.706,0.69,0.694,0.699,0.703,0.709,0.713,0.71,0.716,0.723,0.726,0.732,0.74,0.749,0.754,0.758,0.764,0.766,0.766,0.776,0.775,0.778,0.784,0.789,0.795,0.798,0.803
SSD,South Sudan,Low,,185,,,,,,,,,,,,,,,,,,,,,0.41,0.43,0.397,0.428,0.428,0.425,0.421,0.426,0.429
STP,Sao Tome and Principe,Medium,,135,0.452,0.454,0.457,0.46,0.465,0.469,0.475,0.479,0.485,0.492,0.498,0.506,0.511,0.519,0.526,0.533,0.543,0.548,0.546,0.556,0.561,0.568,0.573,0.582,0.591,0.604,0.608,0.619,0.624
SUR,Suriname,High,,97,,,,,,,,,,,,,,,0.682,0.686,0.691,0.697,0.701,0.707,0.71,0.717,0.729,0.734,0.735,0.74,0.735,0.732,0.734
SVK,Slovakia,Very High,,39,0.741,0.736,0.735,0.738,0.745,0.752,0.756,0.758,0.764,0.763,0.765,0.766,0.773,0.778,0.786,0.796,0.805,0.816,0.823,0.825,0.831,0.838,0.843,0.845,0.847,0.85,0.853,0.855,0.858
SVN,Slovenia,Very High,,22,0.774,0.772,0.774,0.776,0.783,0.79,0.796,0.804,0.813,0.826,0.832,0.843,0.85,0.857,0.864,0.869,0.876,0.88,0.886,0.885,0.889,0.891,0.884,0.893,0.894,0.894,0.9,0.907,0.912
SWE,Sweden,Very High,,7,0.821,0.823,0.826,0.846,0.855,0.862,0.869,0.88,0.894,0.899,0.903,0.905,0.908,0.913,0.901,0.904,0.908,0.91,0.907,0.905,0.911,0.912,0.914,0.933,0.935,0.938,0.94,0.942,0.943
SWZ,Eswatini (Kingdom of),Medium,,138,0.541,0.542,0.539,0.534,0.527,0.523,0.515,0.503,0.49,0.479,0.465,0.454,0.442,0.437,0.445,0.456,0.469,0.478,0.487,0.498,0.51,0.524,0.539,0.554,0.568,0.581,0.588,0.597,0.605
SYC,Seychelles,High,,67,,,,,,,,,,,0.714,0.71,0.711,0.714,0.716,0.732,0.722,0.745,0.75,0.754,0.764,0.767,0.755,0.775,0.775,0.786,0.787,0.789,0.79
SYR,Syrian Arab Republic,Medium,,151,0.55,0.556,0.56,0.564,0.572,0.575,0.582,0.586,0.588,0.593,0.6,0.607,0.607,0.62,0.636,0.652,0.662,0.673,0.676,0.674,0.672,0.678,0.664,0.596,0.556,0.537,0.528,0.564,0.563
TCD,Chad,Low,,187,,,,,,,,,,,0.293,0.301,0.307,0.305,0.324,0.327,0.33,0.34,0.346,0.361,0.369,0.38,0.388,0.394,0.401,0.398,0.393,0.396,0.397
TGO,Togo,Low,,167,0.406,0.409,0.4,0.391,0.397,0.41,0.418,0.426,0.425,0.426,0.427,0.43,0.433,0.438,0.439,0.438,0.444,0.439,0.447,0.456,0.466,0.479,0.482,0.488,0.493,0.499,0.502,0.506,0.51
THA,Thailand,High,,79,0.577,0.586,0.592,0.6,0.607,0.614,0.622,0.628,0.633,0.643,0.652,0.66,0.669,0.677,0.686,0.696,0.697,0.714,0.718,0.722,0.724,0.733,0.737,0.734,0.742,0.749,0.756,0.765,0.772
TJK,Tajikistan,Medium,,125,0.617,0.612,0.592,0.575,0.556,0.549,0.535,0.54,0.544,0.548,0.555,0.564,0.573,0.588,0.6,0.607,0.617,0.621,0.639,0.633,0.638,0.636,0.643,0.653,0.652,0.652,0.653,0.657,0.661
TKM,Turkmenistan,High,,111,,,,,,,,,,,,,,,,,,,,,0.666,0.673,0.679,0.685,0.689,0.694,0.699,0.701,0.71
TLS,Timor-Leste,Medium,,141,,,,,,,,,,,0.484,0.492,0.503,0.504,0.518,0.537,0.563,0.585,0.616,0.611,0.628,0.644,0.639,0.63,0.62,0.61,0.598,0.599,0.599
TON,Tonga,High,,104,0.654,0.659,0.661,0.665,0.672,0.675,0.675,0.675,0.678,0.679,0.675,0.679,0.684,0.693,0.682,0.682,0.683,0.686,0.688,0.693,0.699,0.704,0.708,0.708,0.707,0.72,0.722,0.723,0.723
TTO,Trinidad and Tobago,High,,67,0.668,0.67,0.67,0.672,0.676,0.681,0.687,0.695,0.694,0.713,0.717,0.725,0.726,0.74,0.75,0.748,0.763,0.771,0.778,0.782,0.784,0.782,0.78,0.783,0.785,0.792,0.792,0.795,0.795
TUN,Tunisia,High,,95,0.567,0.573,0.581,0.587,0.598,0.605,0.614,0.621,0.632,0.643,0.651,0.659,0.664,0.671,0.681,0.688,0.694,0.7,0.707,0.709,0.716,0.718,0.72,0.723,0.726,0.729,0.731,0.734,0.738
TUR,Turkey,Very High,,54,0.583,0.587,0.594,0.601,0.603,0.611,0.62,0.629,0.64,0.648,0.66,0.666,0.677,0.684,0.69,0.696,0.704,0.712,0.714,0.72,0.739,0.753,0.765,0.785,0.796,0.801,0.808,0.814,0.817
TUV,Tuvalu,,,,,,,,,,,,,,,,,,,,,,,,,,,,,,,,
TZA,Tanzania (United Republic of),Low,,163,0.368,0.369,0.367,0.367,0.366,0.367,0.369,0.37,0.377,0.383,0.39,0.397,0.407,0.416,0.426,0.437,0.447,0.456,0.465,0.474,0.481,0.487,0.496,0.497,0.504,0.514,0.52,0.523,0.524
UGA,Uganda,Low,,159,0.32,0.32,0.313,0.32,0.322,0.328,0.344,0.358,0.373,0.39,0.404,0.412,0.427,0.436,0.436,0.444,0.456,0.466,0.479,0.487,0.498,0.504,0.507,0.513,0.519,0.525,0.529,0.532,0.538
UKR,Ukraine,High,,74,0.725,0.721,0.713,0.703,0.69,0.686,0.684,0.686,0.688,0.69,0.694,0.708,0.717,0.725,0.732,0.738,0.744,0.751,0.755,0.749,0.755,0.76,0.764,0.767,0.771,0.765,0.768,0.771,0.774
URY,Uruguay,Very High,,55,0.694,0.699,0.702,0.705,0.711,0.712,0.718,0.729,0.737,0.739,0.743,0.747,0.749,0.752,0.755,0.758,0.763,0.765,0.769,0.775,0.782,0.789,0.793,0.8,0.803,0.806,0.81,0.814,0.816
USA,United States,Very High,,17,0.865,0.867,,0.877,0.88,0.883,0.884,,0.889,0.89,0.886,0.889,0.891,0.894,0.897,0.9,0.903,0.906,0.911,0.912,0.916,0.919,0.92,0.918,0.92,0.921,0.922,0.924,0.925
UZB,Uzbekistan,High,,106,,,,,,,,,,,0.599,0.607,0.614,0.619,0.626,0.633,0.637,0.649,0.653,0.66,0.669,0.676,0.685,0.692,0.696,0.701,0.705,0.713,0.717
VCT,Saint Vincent and the Grenadines,High,,97,,,,,,,,,,,0.681,0.686,0.69,0.698,0.701,0.705,0.711,0.715,0.721,0.72,0.718,0.721,0.72,0.723,0.733,0.733,0.734,0.734,0.736
VEN,Venezuela (Bolivarian Republic of),High,,113,0.644,0.654,0.66,0.662,0.662,0.666,0.668,0.67,0.672,0.674,0.676,0.684,0.692,0.692,0.704,0.718,0.731,0.748,0.757,0.756,0.757,0.769,0.772,0.777,0.775,0.769,0.759,0.743,0.733
VNM,Viet Nam,High,,117,0.483,0.493,0.504,0.514,0.525,0.537,0.548,0.547,0.567,0.574,0.586,0.594,0.602,0.611,0.62,0.624,0.632,0.64,0.647,0.659,0.661,0.671,0.676,0.681,0.683,0.688,0.693,0.696,0.7
VUT,Vanuatu,Medium,,140,,,,,,,,,,,,,,,,0.574,0.58,0.583,0.589,0.589,0.59,0.591,0.591,0.593,0.594,0.598,0.598,0.601,0.603
WSM,Samoa,High,,111,0.633,0.634,0.634,0.639,0.618,0.624,0.633,0.635,0.641,0.646,0.651,0.659,0.659,0.665,0.673,0.677,0.68,0.686,0.687,0.691,0.698,0.701,0.698,0.7,0.703,0.707,0.71,0.71,0.709
YEM,Yemen,Low,,179,0.401,0.401,0.404,0.406,0.408,0.414,0.421,0.426,0.431,0.435,0.444,0.453,0.461,0.47,0.477,0.483,0.488,0.492,0.495,0.502,0.506,0.506,0.504,0.509,0.502,0.483,0.474,0.467,0.468
ZAF,South Africa,High,,114,0.627,0.634,0.642,0.648,0.65,0.653,0.65,0.646,0.64,0.635,0.631,0.611,0.619,0.619,0.619,0.622,0.626,0.632,0.646,0.655,0.664,0.665,0.675,0.685,0.693,0.701,0.703,0.705,0.707
ZMB,Zambia,Medium,,146,0.421,0.417,0.416,0.419,0.414,0.415,0.416,0.416,0.416,0.42,0.425,0.432,0.441,0.451,0.46,0.471,0.482,0.488,0.503,0.517,0.527,0.534,0.549,0.557,0.561,0.569,0.571,0.578,0.582
ZWE,Zimbabwe,Medium,,150,0.478,0.481,0.467,0.463,0.46,0.453,0.453,0.447,0.442,0.437,0.43,0.431,0.423,0.414,0.411,0.411,0.414,0.421,0.422,0.458,0.482,0.499,0.525,0.537,0.547,0.553,0.558,0.563,0.569
