country_code,country_name,hdi_code,hdi_rank_2019,q,w,e
AFG,Afghanistan,Low,169,0.302,0.307,0.316
AGO,Angola,Medium,148,,,
ALB,Albania,High,69,0.65,0.631,0.615
AND,Andorra,Very High,36,,,
ARE,United Arab Emirates,Very High,31,0.723,0.735,0.738
ARG,Argentina,Very High,46,0.718,0.725,0.73
ARM,Armenia,High,81,0.654,0.648,0.618
ATG,Antigua and Barbuda,High,78,,,
AUS,Australia,Very High,8,0.871,0.871,0.873
AUT,Austria,Very High,18,0.803,0.808,0.813
AZE,Azerbaijan,High,88,,,
BDI,Burundi,Low,185,0.299,0.302,0.299
BEL,Belgium,Very High,14,0.813,0.817,0.832
BEN,Benin,Low,158,0.364,0.371,0.375
BFA,Burkina Faso,Low,182,,,
BGD,Bangladesh,Medium,133,0.394,0.401,0.41
BGR,Bulgaria,Very High,56,0.708,0.705,0.705
BHR,Bahrain,Very High,42,0.749,0.755,0.76
BHS,Bahamas,Very High,58,,,
BIH,Bosnia and Herzegovina,High,73,,,
BLR,Belarus,Very High,53,,,
BLZ,Belize,High,110,0.61,0.614,0.621
BOL,Bolivia (Plurinational State of),High,107,0.551,0.559,0.566
BRA,Brazil,High,84,0.613,0.621,0.627
BRB,Barbados,Very High,58,0.732,0.733,0.733
BRN,Brunei Darussalam,Very High,47,0.767,0.771,0.777
BTN,Bhutan,Medium,129,,,
BWA,Botswana,High,100,0.573,0.579,0.577
CAF,Central African Republic,Low,188,0.334,0.328,0.315
CAN,Canada,Very High,16,0.85,0.854,0.857
CHE,Switzerland,Very High,2,0.84,0.842,0.845
CHL,Chile,Very High,43,0.706,0.715,0.722
CHN,China,High,85,0.499,0.507,0.517
CIV,Côte d'Ivoire,Low,162,0.404,0.404,0.405
CMR,Cameroon,Medium,153,0.448,0.445,0.441
COD,Congo (Democratic Republic of the),Low,175,0.369,0.366,0.361
COG,Congo,Medium,149,0.5,0.499,0.499
COL,Colombia,High,83,0.603,0.606,0.617
COM,Comoros,Medium,156,,,
CPV,Cabo Verde,Medium,126,,,
CRI,Costa Rica,Very High,62,0.665,0.672,0.68
CUB,Cuba,High,70,0.68,0.674,0.667
CYP,Cyprus,Very High,33,0.735,0.738,0.742
CZE,Czechia,Very High,27,0.738,0.733,0.736
DEU,Germany,Very High,6,0.808,0.816,0.821
DJI,Djibouti,Low,166,,,
DMA,Dominica,High,94,,,
DNK,Denmark,Very High,10,0.806,0.811,0.815
DOM,Dominican Republic,High,88,0.599,0.603,0.612
DZA,Algeria,High,91,0.572,0.576,0.582
ECU,Ecuador,High,86,0.648,0.65,0.654
EGY,Egypt,High,116,0.548,0.552,0.559
ERI,Eritrea,Low,180,,,
ESP,Spain,Very High,25,0.761,0.77,0.779
EST,Estonia,Very High,29,0.735,0.73,0.722
ETH,Ethiopia,Low,173,,,
FIN,Finland,Very High,11,0.79,0.793,0.801
FJI,Fiji,High,93,0.662,0.669,0.672
FRA,France,Very High,26,0.786,0.796,0.804
FSM,Micronesia (Federated States of),Medium,136,,,
GAB,Gabon,High,119,0.613,0.618,0.617
GBR,United Kingdom,Very High,13,0.781,0.794,0.807
GEO,Georgia,Very High,61,,,
GHA,Ghana,Medium,138,0.465,0.47,0.474
GIN,Guinea,Low,178,0.282,0.287,0.291
GMB,Gambia,Low,172,0.349,0.354,0.358
GNB,Guinea-Bissau,Low,175,,,
GNQ,Equatorial Guinea,Medium,145,,,
GRC,Greece,Very High,32,0.761,0.77,0.771
GRD,Grenada,High,74,,,
GTM,Guatemala,Medium,127,0.481,0.487,0.493
GUY,Guyana,Medium,122,0.548,0.544,0.559
HKG,"Hong Kong, China (SAR)",Very High,4,0.784,0.789,0.794
HND,Honduras,Medium,132,0.519,0.518,0.523
HRV,Croatia,Very High,43,0.677,0.672,0.672
HTI,Haiti,Low,170,0.414,0.418,0.418
HUN,Hungary,Very High,40,0.708,0.706,0.711
IDN,Indonesia,High,107,0.523,0.529,0.534
IND,India,Medium,131,0.429,0.433,0.44
IRL,Ireland,Very High,2,0.773,0.777,0.782
IRN,Iran (Islamic Republic of),High,70,0.565,0.583,0.596
IRQ,Iraq,Medium,123,0.56,0.512,0.527
ISL,Iceland,Very High,4,0.807,0.82,0.823
ISR,Israel,Very High,19,0.801,0.808,0.815
ITA,Italy,Very High,29,0.776,0.782,0.788
JAM,Jamaica,High,101,0.645,0.648,0.655
JOR,Jordan,High,102,0.625,0.636,0.657
JPN,Japan,Very High,19,0.818,0.823,0.826
KAZ,Kazakhstan,Very High,51,0.69,0.684,0.682
KEN,Kenya,Medium,143,0.482,0.48,0.476
KGZ,Kyrgyzstan,Medium,120,0.64,0.634,0.625
KHM,Cambodia,Medium,144,0.368,0.372,0.377
KIR,Kiribati,Medium,134,,,
KNA,Saint Kitts and Nevis,High,74,,,
KOR,Korea (Republic of),Very High,23,0.732,0.743,0.75
KWT,Kuwait,Very High,64,0.705,0.665,0.659
LAO,Lao People's Democratic Republic,Medium,137,0.405,0.41,0.415
LBN,Lebanon,High,92,,,
LBR,Liberia,Low,175,,,
LBY,Libya,High,105,0.724,0.734,0.74
LCA,Saint Lucia,High,86,,,
LIE,Liechtenstein,Very High,19,,,
LKA,Sri Lanka,High,72,0.629,0.634,0.639
LSO,Lesotho,Low,165,0.498,0.495,0.493
LTU,Lithuania,Very High,34,0.738,0.734,0.719
LUX,Luxembourg,Very High,23,0.797,0.804,0.809
LVA,Latvia,Very High,37,0.711,0.706,0.685
MAR,Morocco,Medium,121,0.457,0.463,0.467
MCO,Monaco,,,,,
MDA,Moldova (Republic of),High,,90,0.69,0.68
MDG,Madagascar,Low,,164,,
MDV,Maldives,High,,95,,
MEX,Mexico,High,,74,0.656,0.66
MHL,Marshall Islands,High,,117,,
MKD,North Macedonia,High,,82,,
MLI,Mali,Low,,184,0.234,0.241
MLT,Malta,Very High,,28,0.752,0.757
MMR,Myanmar,Medium,,147,0.342,0.349
MNE,Montenegro,Very High,,48,,
MNG,Mongolia,High,,99,0.578,0.573
MOZ,Mozambique,Low,,181,0.227,0.231
MRT,Mauritania,Low,,157,0.397,0.402
MUS,Mauritius,Very High,,66,0.624,0.63
MWI,Malawi,Low,,174,0.333,0.34
MYS,Malaysia,Very High,,62,0.643,0.651
NAM,Namibia,Medium,,130,0.581,0.583
NER,Niger,Low,,189,0.22,0.223
NGA,Nigeria,Low,,161,,
NIC,Nicaragua,Medium,,128,0.497,0.506
NLD,Netherlands,Very High,,8,0.836,0.84
NOR,Norway,Very High,,1,0.849,0.854
NPL,Nepal,Medium,,142,0.387,0.395
NRU,Nauru,,,,,
NZL,New Zealand,Very High,,14,0.826,0.827
OMN,Oman,Very High,,60,,
PAK,Pakistan,Medium,,154,0.402,0.407
PAN,Panama,Very High,,57,0.675,0.68
PER,Peru,High,,79,0.613,0.62
PHL,Philippines,High,,107,0.593,0.595
PLW,Palau,Very High,,50,,
PNG,Papua New Guinea,Medium,,155,0.38,0.389
POL,Poland,Very High,,35,0.718,0.716
PRK,Korea (Democratic People's Rep. of),,,,,
PRT,Portugal,Very High,,38,0.718,0.727
PRY,Paraguay,High,,103,0.598,0.604
PSE,"Palestine, State of",High,,115,,
QAT,Qatar,Very High,,45,0.75,0.747
ROU,Romania,Very High,,49,0.708,0.694
RUS,Russian Federation,Very High,,52,0.735,0.731
RWA,Rwanda,Low,,160,0.248,0.22
SAU,Saudi Arabia,Very High,,40,0.697,0.705
SDN,Sudan,Low,,170,0.331,0.336
SEN,Senegal,Low,,168,0.376,0.377
SGP,Singapore,Very High,,11,0.721,0.731
SLB,Solomon Islands,Medium,,151,,
SLE,Sierra Leone,Low,,182,0.287,0.28
SLV,El Salvador,Medium,,124,0.536,0.54
SMR,San Marino,,,,,
SOM,Somalia,,,,,
SRB,Serbia,Very High,,64,0.722,0.719
SSD,South Sudan,Low,,185,,
STP,Sao Tome and Principe,Medium,,135,0.452,0.454
SUR,Suriname,High,,97,,
SVK,Slovakia,Very High,,39,0.741,0.736
SVN,Slovenia,Very High,,22,0.774,0.772
SWE,Sweden,Very High,,7,0.821,0.823
SWZ,Eswatini (Kingdom of),Medium,,138,0.541,0.542
SYC,Seychelles,High,,67,,
SYR,Syrian Arab Republic,Medium,,151,0.55,0.556
TCD,Chad,Low,,187,,
TGO,Togo,Low,,167,0.406,0.409
THA,Thailand,High,,79,0.577,0.586
TJK,Tajikistan,Medium,,125,0.617,0.612
TKM,Turkmenistan,High,,111,,
TLS,Timor-Leste,Medium,,141,,
TON,Tonga,High,,104,0.654,0.659
TTO,Trinidad and Tobago,High,,67,0.668,0.67
TUN,Tunisia,High,,95,0.567,0.573
TUR,Turkey,Very High,,54,0.583,0.587
TUV,Tuvalu,,,,,
TZA,Tanzania (United Republic of),Low,,163,0.368,0.369
UGA,Uganda,Low,,159,0.32,0.32
UKR,Ukraine,High,,74,0.725,0.721
URY,Uruguay,Very High,,55,0.694,0.699
USA,United States,Very High,,17,0.865,0.867
UZB,Uzbekistan,High,,106,,
VCT,Saint Vincent and the Grenadines,High,,97,,
VEN,Venezuela (Bolivarian Republic of),High,,113,0.644,0.654
VNM,Viet Nam,High,,117,0.483,0.493
VUT,Vanuatu,Medium,,140,,
WSM,Samoa,High,,111,0.633,0.634
YEM,Yemen,Low,,179,0.401,0.401
ZAF,South Africa,High,,114,0.627,0.634
ZMB,Zambia,Medium,,146,0.421,0.417
ZWE,Zimbabwe,Medium,,150,0.478,0.481
